"Order number","Item sold","Cost per item","Quantity","Date"
"19030","Charger","10.99","2","01/10/2024"
"19031","Headphones","39.99","1","01/10/2024"
"19032","Laptop","999.99","1","01/10/2024"
"19033","Camera","499.99","1","01/10/2024"
"19034","Camera","499.99","1","01/10/2024"
"19035","Phone","699.99","1","01/10/2024"
"19036","Camera","499.99","1","01/10/2024"
"19037","Phone","699.99","1","01/10/2024"
"19038","Charger","10.99","4","01/10/2024"
"19039","Charger","10.99","5","01/10/2024"
"19040","Camera","499.99","1","01/10/2024"
"19041","Phone","699.99","1","01/10/2024"
"19042","Charger","10.99","5","02/10/2024"
"19043","Laptop","999.99","1","02/10/2024"
"19044","Smartwatch","289.99","2","02/10/2024"
"19045","Smartwatch","289.99","1","02/10/2024"
"19046","Headphones","39.99","3","02/10/2024"
"19047","Camera","499.99","1","02/10/2024"
"19048","Laptop","999.99","1","02/10/2024"
"19049","Smartwatch","289.99","2","02/10/2024"
"19050","Charger","10.99","1","02/10/2024"
"19051","Smartwatch","289.99","2","02/10/2024"
"19052","Laptop","999.99","1","02/10/2024"
"19053","Charger","10.99","1","02/10/2024"
"19054","Phone","699.99","2","02/10/2024"
"19055","Headphones","39.99","2","02/10/2024"
"19056","Headphones","39.99","2","02/10/2024"
"19057","Laptop","999.99","1","02/10/2024"
"19058","Headphones","39.99","1","03/10/2024"
"19059","Charger","10.99","1","03/10/2024"
"19060","Camera","499.99","1","03/10/2024"
"19061","Camera","499.99","1","03/10/2024"
"19062","Headphones","39.99","3","03/10/2024"
"19063","Smartwatch","289.99","1","03/10/2024"
"19064","Camera","499.99","1","03/10/2024"
"19065","Smartwatch","289.99","1","03/10/2024"
"19066","Camera","499.99","1","03/10/2024"
"19067","Camera","499.99","1","03/10/2024"
"19068","Charger","10.99","2","03/10/2024"
"19069","Phone","699.99","2","03/10/2024"
"19070","Smartwatch","289.99","2","03/10/2024"
"19071","Laptop","999.99","1","03/10/2024"
"19072","Laptop","999.99","1","03/10/2024"
"19073","Headphones","39.99","2","03/10/2024"
"19074","Phone","699.99","2","03/10/2024"
"19075","Charger","10.99","5","04/10/2024"
"19076","Smartwatch","289.99","1","04/10/2024"
"19077","Laptop","999.99","1","04/10/2024"
"19078","Smartwatch","289.99","1","04/10/2024"
"19079","Phone","699.99","1","04/10/2024"
"19080","Headphones","39.99","1","04/10/2024"
"19081","Laptop","999.99","1","04/10/2024"
"19082","Camera","499.99","1","04/10/2024"
"19083","Headphones","39.99","1","04/10/2024"
"19084","Smartwatch","289.99","2","04/10/2024"
"19085","Headphones","39.99","3","04/10/2024"
"19086","Phone","699.99","2","04/10/2024"
"19087","Laptop","999.99","1","04/10/2024"
"19088","Camera","499.99","1","04/10/2024"
"19089","Smartwatch","289.99","1","04/10/2024"
"19090","Smartwatch","289.99","1","05/10/2024"
"19091","Phone","699.99","2","05/10/2024"
"19092","Charger","10.99","5","05/10/2024"
"19093","Smartwatch","289.99","1","05/10/2024"
"19094","Headphones","39.99","1","05/10/2024"
"19095","Charger","10.99","3","05/10/2024"
"19096","Camera","499.99","1","05/10/2024"
"19097","Camera","499.99","1","05/10/2024"
"19098","Charger","10.99","4","05/10/2024"
"19099","Laptop","999.99","1","05/10/2024"
"19100","Phone","699.99","1","05/10/2024"
"19101","Camera","499.99","1","05/10/2024"
"19102","Laptop","999.99","1","06/10/2024"
"19103","Camera","499.99","1","06/10/2024"
"19104","Charger","10.99","1","06/10/2024"
"19105","Headphones","39.99","2","06/10/2024"
"19106","Charger","10.99","1","06/10/2024"
"19107","Charger","10.99","1","06/10/2024"
"19108","Camera","499.99","1","06/10/2024"
"19109","Headphones","39.99","3","06/10/2024"
"19110","Camera","499.99","1","06/10/2024"
"19111","Smartwatch","289.99","1","06/10/2024"
"19112","Charger","10.99","1","06/10/2024"
"19113","Phone","699.99","1","06/10/2024"
"19114","Laptop","999.99","1","06/10/2024"
"19115","Phone","699.99","1","06/10/2024"
"19116","Headphones","39.99","2","06/10/2024"
"19117","Phone","699.99","2","07/10/2024"
"19118","Phone","699.99","1","07/10/2024"
"19119","Headphones","39.99","1","07/10/2024"
"19120","Phone","699.99","1","07/10/2024"
"19121","Charger","10.99","5","07/10/2024"
"19122","Laptop","999.99","1","07/10/2024"
"19123","Charger","10.99","5","07/10/2024"
"19124","Camera","499.99","1","07/10/2024"
"19125","Camera","499.99","1","07/10/2024"
"19126","Laptop","999.99","1","07/10/2024"
"19127","Phone","699.99","2","07/10/2024"
"19128","Laptop","999.99","1","07/10/2024"
"19129","Phone","699.99","2","07/10/2024"
"19130","Smartwatch","289.99","2","07/10/2024"
"19131","Charger","10.99","4","07/10/2024"
"19132","Headphones","39.99","1","07/10/2024"
"19133","Smartwatch","289.99","1","07/10/2024"
"19134","Phone","699.99","2","07/10/2024"
"19135","Smartwatch","289.99","1","08/10/2024"
"19136","Charger","10.99","2","08/10/2024"
"19137","Charger","10.99","2","08/10/2024"
"19138","Laptop","999.99","1","08/10/2024"
"19139","Charger","10.99","5","08/10/2024"
"19140","Laptop","999.99","1","08/10/2024"
"19141","Smartwatch","289.99","1","08/10/2024"
"19142","Charger","10.99","1","08/10/2024"
"19143","Phone","699.99","1","08/10/2024"
"19144","Laptop","999.99","1","08/10/2024"
"19145","Headphones","39.99","1","08/10/2024"
"19146","Charger","10.99","5","08/10/2024"
"19147","Headphones","39.99","3","08/10/2024"
"19148","Laptop","999.99","1","08/10/2024"
"19149","Camera","499.99","1","08/10/2024"
"19150","Smartwatch","289.99","2","08/10/2024"
"19151","Camera","499.99","1","08/10/2024"
"19152","Phone","699.99","1","09/10/2024"
"19153","Camera","499.99","1","09/10/2024"
"19154","Camera","499.99","1","09/10/2024"
"19155","Phone","699.99","2","09/10/2024"
"19156","Headphones","39.99","2","09/10/2024"
"19157","Phone","699.99","1","09/10/2024"
"19158","Headphones","39.99","1","09/10/2024"
"19159","Charger","10.99","1","09/10/2024"
"19160","Laptop","999.99","1","09/10/2024"
"19161","Camera","499.99","1","09/10/2024"
"19162","Phone","699.99","2","09/10/2024"
"19163","Charger","10.99","1","09/10/2024"
"19164","Phone","699.99","2","09/10/2024"
"19165","Phone","699.99","1","10/10/2024"
"19166","Laptop","999.99","1","10/10/2024"
"19167","Headphones","39.99","3","10/10/2024"
"19168","Phone","699.99","2","10/10/2024"
"19169","Smartwatch","289.99","1","10/10/2024"
"19170","Smartwatch","289.99","2","10/10/2024"
"19171","Camera","499.99","1","10/10/2024"
"19172","Laptop","999.99","1","10/10/2024"
"19173","Smartwatch","289.99","1","10/10/2024"
"19174","Headphones","39.99","1","10/10/2024"
"19175","Charger","10.99","1","10/10/2024"
"19176","Charger","10.99","3","10/10/2024"
"19177","Camera","499.99","1","10/10/2024"
"19178","Charger","10.99","2","10/10/2024"
"19179","Headphones","39.99","2","10/10/2024"
"19180","Camera","499.99","1","11/10/2024"
"19181","Phone","699.99","1","11/10/2024"
"19182","Charger","10.99","2","11/10/2024"
"19183","Laptop","999.99","1","11/10/2024"
"19184","Smartwatch","289.99","2","11/10/2024"
"19185","Phone","699.99","1","11/10/2024"
"19186","Phone","699.99","2","11/10/2024"
"19187","Laptop","999.99","1","11/10/2024"
"19188","Charger","10.99","2","11/10/2024"
"19189","Camera","499.99","1","11/10/2024"
"19190","Laptop","999.99","1","12/10/2024"
"19191","Laptop","999.99","1","12/10/2024"
"19192","Smartwatch","289.99","1","12/10/2024"
"19193","Camera","499.99","1","12/10/2024"
"19194","Camera","499.99","1","12/10/2024"
"19195","Smartwatch","289.99","1","12/10/2024"
"19196","Laptop","999.99","1","12/10/2024"
"19197","Charger","10.99","3","13/10/2024"
"19198","Phone","699.99","1","13/10/2024"
"19199","Camera","499.99","1","13/10/2024"
"19200","Laptop","999.99","1","13/10/2024"
"19201","Headphones","39.99","3","13/10/2024"
"19202","Headphones","39.99","3","13/10/2024"
"19203","Smartwatch","289.99","1","13/10/2024"
"19204","Headphones","39.99","2","13/10/2024"
"19205","Camera","499.99","1","13/10/2024"
"19206","Headphones","39.99","2","13/10/2024"
"19207","Smartwatch","289.99","1","13/10/2024"
"19208","Headphones","39.99","2","13/10/2024"
"19209","Charger","10.99","4","13/10/2024"
"19210","Headphones","39.99","2","13/10/2024"
"19211","Camera","499.99","1","13/10/2024"
"19212","Smartwatch","289.99","1","14/10/2024"
"19213","Laptop","999.99","1","14/10/2024"
"19214","Phone","699.99","2","14/10/2024"
"19215","Charger","10.99","5","14/10/2024"
"19216","Headphones","39.99","2","14/10/2024"
"19217","Charger","10.99","3","14/10/2024"
"19218","Charger","10.99","3","14/10/2024"
"19219","Smartwatch","289.99","1","14/10/2024"
"19220","Camera","499.99","1","14/10/2024"
"19221","Phone","699.99","1","14/10/2024"
"19222","Smartwatch","289.99","2","15/10/2024"
"19223","Smartwatch","289.99","1","15/10/2024"
"19224","Phone","699.99","2","15/10/2024"
"19225","Camera","499.99","1","15/10/2024"
"19226","Charger","10.99","3","15/10/2024"
"19227","Camera","499.99","1","15/10/2024"
"19228","Camera","499.99","1","15/10/2024"
"19229","Smartwatch","289.99","1","15/10/2024"
"19230","Charger","10.99","4","15/10/2024"
"19231","Headphones","39.99","3","15/10/2024"
"19232","Headphones","39.99","3","15/10/2024"
"19233","Smartwatch","289.99","1","15/10/2024"
"19234","Phone","699.99","1","16/10/2024"
"19235","Laptop","999.99","1","16/10/2024"
"19236","Phone","699.99","2","16/10/2024"
"19237","Headphones","39.99","3","16/10/2024"
"19238","Smartwatch","289.99","2","16/10/2024"
"19239","Smartwatch","289.99","2","16/10/2024"
"19240","Laptop","999.99","1","16/10/2024"
"19241","Laptop","999.99","1","16/10/2024"
"19242","Laptop","999.99","1","16/10/2024"
"19243","Camera","499.99","1","16/10/2024"
"19244","Charger","10.99","3","16/10/2024"
"19245","Laptop","999.99","1","16/10/2024"
"19246","Laptop","999.99","1","16/10/2024"
"19247","Smartwatch","289.99","2","16/10/2024"
"19248","Charger","10.99","4","16/10/2024"
"19249","Charger","10.99","5","16/10/2024"
"19250","Camera","499.99","1","17/10/2024"
"19251","Camera","499.99","1","17/10/2024"
"19252","Camera","499.99","1","17/10/2024"
"19253","Phone","699.99","1","17/10/2024"
"19254","Laptop","999.99","1","17/10/2024"
"19255","Phone","699.99","1","17/10/2024"
"19256","Laptop","999.99","1","18/10/2024"
"19257","Laptop","999.99","1","18/10/2024"
"19258","Headphones","39.99","1","18/10/2024"
"19259","Laptop","999.99","1","18/10/2024"
"19260","Headphones","39.99","1","18/10/2024"
"19261","Charger","10.99","5","18/10/2024"
"19262","Camera","499.99","1","18/10/2024"
"19263","Smartwatch","289.99","2","18/10/2024"
"19264","Smartwatch","289.99","2","18/10/2024"
"19265","Laptop","999.99","1","18/10/2024"
"19266","Smartwatch","289.99","1","19/10/2024"
"19267","Charger","10.99","1","19/10/2024"
"19268","Headphones","39.99","3","19/10/2024"
"19269","Charger","10.99","1","19/10/2024"
"19270","Laptop","999.99","1","19/10/2024"
"19271","Smartwatch","289.99","1","19/10/2024"
"19272","Phone","699.99","1","19/10/2024"
"19273","Charger","10.99","4","19/10/2024"
"19274","Laptop","999.99","1","19/10/2024"
"19275","Camera","499.99","1","19/10/2024"
"19276","Camera","499.99","1","19/10/2024"
"19277","Camera","499.99","1","19/10/2024"
"19278","Camera","499.99","1","19/10/2024"
"19279","Smartwatch","289.99","2","19/10/2024"
"19280","Camera","499.99","1","19/10/2024"
"19281","Charger","10.99","4","19/10/2024"
"19282","Laptop","999.99","1","19/10/2024"
"19283","Phone","699.99","2","19/10/2024"
"19284","Camera","499.99","1","19/10/2024"
"19285","Headphones","39.99","2","19/10/2024"
"19286","Laptop","999.99","1","20/10/2024"
"19287","Laptop","999.99","1","20/10/2024"
"19288","Phone","699.99","1","20/10/2024"
"19289","Charger","10.99","2","20/10/2024"
"19290","Smartwatch","289.99","1","20/10/2024"
"19291","Smartwatch","289.99","1","20/10/2024"
"19292","Laptop","999.99","1","20/10/2024"
"19293","Smartwatch","289.99","2","20/10/2024"
"19294","Headphones","39.99","1","20/10/2024"
"19295","Laptop","999.99","1","20/10/2024"
"19296","Camera","499.99","1","20/10/2024"
"19297","Phone","699.99","1","20/10/2024"
"19298","Headphones","39.99","3","21/10/2024"
"19299","Phone","699.99","2","21/10/2024"
"19300","Phone","699.99","1","21/10/2024"
"19301","Charger","10.99","1","21/10/2024"
"19302","Phone","699.99","2","21/10/2024"
"19303","Headphones","39.99","3","21/10/2024"
"19304","Camera","499.99","1","21/10/2024"
"19305","Smartwatch","289.99","1","21/10/2024"
"19306","Camera","499.99","1","21/10/2024"
"19307","Laptop","999.99","1","21/10/2024"
"19308","Charger","10.99","1","22/10/2024"
"19309","Smartwatch","289.99","2","22/10/2024"
"19310","Phone","699.99","1","22/10/2024"
"19311","Headphones","39.99","3","22/10/2024"
"19312","Laptop","999.99","1","22/10/2024"
"19313","Camera","499.99","1","22/10/2024"
"19314","Headphones","39.99","3","22/10/2024"
"19315","Headphones","39.99","1","22/10/2024"
"19316","Headphones","39.99","1","22/10/2024"
"19317","Smartwatch","289.99","1","22/10/2024"
"19318","Charger","10.99","3","22/10/2024"
"19319","Charger","10.99","5","22/10/2024"
"19320","Smartwatch","289.99","2","22/10/2024"
"19321","Smartwatch","289.99","2","23/10/2024"
"19322","Laptop","999.99","1","23/10/2024"
"19323","Charger","10.99","3","23/10/2024"
"19324","Charger","10.99","4","23/10/2024"
"19325","Camera","499.99","1","23/10/2024"
"19326","Phone","699.99","1","23/10/2024"
"19327","Headphones","39.99","3","23/10/2024"
"19328","Phone","699.99","1","23/10/2024"
"19329","Laptop","999.99","1","23/10/2024"
"19330","Camera","499.99","1","23/10/2024"
"19331","Camera","499.99","1","23/10/2024"
"19332","Smartwatch","289.99","2","23/10/2024"
"19333","Phone","699.99","1","24/10/2024"
"19334","Headphones","39.99","1","24/10/2024"
"19335","Charger","10.99","2","24/10/2024"
"19336","Charger","10.99","4","24/10/2024"
"19337","Camera","499.99","1","24/10/2024"
"19338","Phone","699.99","1","24/10/2024"
"19339","Laptop","999.99","1","24/10/2024"
"19340","Smartwatch","289.99","1","24/10/2024"
"19341","Laptop","999.99","1","24/10/2024"
"19342","Camera","499.99","1","24/10/2024"
"19343","Headphones","39.99","2","24/10/2024"
"19344","Laptop","999.99","1","24/10/2024"
"19345","Camera","499.99","1","24/10/2024"
"19346","Phone","699.99","1","24/10/2024"
"19347","Laptop","999.99","1","24/10/2024"
"19348","Phone","699.99","1","24/10/2024"
"19349","Phone","699.99","2","24/10/2024"
"19350","Charger","10.99","3","24/10/2024"
"19351","Camera","499.99","1","25/10/2024"
"19352","Laptop","999.99","1","25/10/2024"
"19353","Headphones","39.99","1","25/10/2024"
"19354","Smartwatch","289.99","1","25/10/2024"
"19355","Smartwatch","289.99","1","25/10/2024"
"19356","Laptop","999.99","1","25/10/2024"
"19357","Camera","499.99","1","25/10/2024"
"19358","Headphones","39.99","2","25/10/2024"
"19359","Smartwatch","289.99","2","25/10/2024"
"19360","Phone","699.99","2","25/10/2024"
"19361","Smartwatch","289.99","2","25/10/2024"
"19362","Smartwatch","289.99","1","25/10/2024"
"19363","Charger","10.99","1","25/10/2024"
"19364","Charger","10.99","5","25/10/2024"
"19365","Camera","499.99","1","26/10/2024"
"19366","Camera","499.99","1","26/10/2024"
"19367","Camera","499.99","1","26/10/2024"
"19368","Charger","10.99","5","26/10/2024"
"19369","Laptop","999.99","1","26/10/2024"
"19370","Charger","10.99","4","26/10/2024"
"19371","Camera","499.99","1","26/10/2024"
"19372","Smartwatch","289.99","2","26/10/2024"
"19373","Charger","10.99","1","26/10/2024"
"19374","Headphones","39.99","3","26/10/2024"
"19375","Headphones","39.99","1","26/10/2024"
"19376","Headphones","39.99","2","26/10/2024"
"19377","Charger","10.99","2","26/10/2024"
"19378","Charger","10.99","4","26/10/2024"
"19379","Camera","499.99","1","26/10/2024"
"19380","Charger","10.99","5","26/10/2024"
"19381","Headphones","39.99","2","26/10/2024"
"19382","Camera","499.99","1","26/10/2024"
"19383","Headphones","39.99","1","27/10/2024"
"19384","Headphones","39.99","3","27/10/2024"
"19385","Camera","499.99","1","27/10/2024"
"19386","Camera","499.99","1","27/10/2024"
"19387","Laptop","999.99","1","27/10/2024"
"19388","Laptop","999.99","1","27/10/2024"
"19389","Charger","10.99","2","27/10/2024"
"19390","Smartwatch","289.99","1","27/10/2024"
"19391","Laptop","999.99","1","27/10/2024"
"19392","Laptop","999.99","1","28/10/2024"
"19393","Headphones","39.99","3","28/10/2024"
"19394","Smartwatch","289.99","2","28/10/2024"
"19395","Camera","499.99","1","28/10/2024"
"19396","Phone","699.99","1","28/10/2024"
"19397","Charger","10.99","3","28/10/2024"
"19398","Smartwatch","289.99","1","28/10/2024"
"19399","Smartwatch","289.99","1","28/10/2024"
"19400","Headphones","39.99","2","28/10/2024"
"19401","Phone","699.99","2","28/10/2024"
"19402","Camera","499.99","1","28/10/2024"
"19403","Phone","699.99","2","28/10/2024"
"19404","Laptop","999.99","1","28/10/2024"
"19405","Phone","699.99","1","28/10/2024"
"19406","Phone","699.99","2","28/10/2024"
"19407","Smartwatch","289.99","1","29/10/2024"
"19408","Laptop","999.99","1","29/10/2024"
"19409","Headphones","39.99","1","29/10/2024"
"19410","Headphones","39.99","1","29/10/2024"
"19411","Laptop","999.99","1","29/10/2024"
"19412","Headphones","39.99","2","29/10/2024"
"19413","Charger","10.99","2","29/10/2024"
"19414","Smartwatch","289.99","2","29/10/2024"
"19415","Camera","499.99","1","29/10/2024"
"19416","Phone","699.99","1","29/10/2024"
"19417","Charger","10.99","1","29/10/2024"
"19418","Phone","699.99","1","29/10/2024"
"19419","Smartwatch","289.99","2","29/10/2024"
"19420","Camera","499.99","1","29/10/2024"
"19421","Headphones","39.99","1","29/10/2024"
"19422","Laptop","999.99","1","30/10/2024"
"19423","Laptop","999.99","1","30/10/2024"
"19424","Phone","699.99","2","30/10/2024"
"19425","Phone","699.99","1","30/10/2024"
"19426","Headphones","39.99","1","30/10/2024"
"19427","Camera","499.99","1","30/10/2024"
"19428","Laptop","999.99","1","30/10/2024"
"19429","Smartwatch","289.99","2","30/10/2024"
"19430","Headphones","39.99","3","30/10/2024"
"19431","Charger","10.99","4","30/10/2024"
"19432","Smartwatch","289.99","2","30/10/2024"
"19433","Headphones","39.99","3","30/10/2024"
"19434","Laptop","999.99","1","30/10/2024"
"19435","Charger","10.99","3","30/10/2024"
"19436","Headphones","39.99","2","30/10/2024"
"19437","Camera","499.99","1","30/10/2024"
"19438","Charger","10.99","2","31/10/2024"
"19439","Headphones","39.99","3","31/10/2024"
"19440","Charger","10.99","5","31/10/2024"
"19441","Smartwatch","289.99","2","31/10/2024"
"19442","Phone","699.99","1","31/10/2024"
"19443","Smartwatch","289.99","1","31/10/2024"
"19444","Smartwatch","289.99","1","31/10/2024"
"19445","Smartwatch","289.99","2","31/10/2024"
"19446","Charger","10.99","5","31/10/2024"
"19447","Headphones","39.99","3","31/10/2024"
"19448","Camera","499.99","1","01/11/2024"
"19449","Phone","699.99","2","01/11/2024"
"19450","Smartwatch","289.99","2","01/11/2024"
"19451","Charger","10.99","3","01/11/2024"
"19452","Headphones","39.99","2","01/11/2024"
"19453","Charger","10.99","5","01/11/2024"
"19454","Laptop","999.99","1","01/11/2024"
"19455","Smartwatch","289.99","2","01/11/2024"
"19456","Phone","699.99","1","01/11/2024"
"19457","Camera","499.99","1","01/11/2024"
"19458","Camera","499.99","1","02/11/2024"
"19459","Camera","499.99","1","02/11/2024"
"19460","Smartwatch","289.99","1","02/11/2024"
"19461","Charger","10.99","3","02/11/2024"
"19462","Camera","499.99","1","02/11/2024"
"19463","Phone","699.99","2","02/11/2024"
"19464","Phone","699.99","1","02/11/2024"
"19465","Camera","499.99","1","02/11/2024"
"19466","Phone","699.99","2","02/11/2024"
"19467","Smartwatch","289.99","1","02/11/2024"
"19468","Charger","10.99","2","02/11/2024"
"19469","Smartwatch","289.99","1","02/11/2024"
"19470","Phone","699.99","1","02/11/2024"
"19471","Laptop","999.99","1","02/11/2024"
"19472","Laptop","999.99","1","02/11/2024"
"19473","Laptop","999.99","1","02/11/2024"
"19474","Headphones","39.99","2","03/11/2024"
"19475","Camera","499.99","1","03/11/2024"
"19476","Charger","10.99","5","03/11/2024"
"19477","Headphones","39.99","3","03/11/2024"
"19478","Phone","699.99","2","03/11/2024"
"19479","Camera","499.99","1","03/11/2024"
"19480","Smartwatch","289.99","1","03/11/2024"
"19481","Camera","499.99","1","03/11/2024"
"19482","Laptop","999.99","1","03/11/2024"
"19483","Charger","10.99","4","03/11/2024"
"19484","Headphones","39.99","3","03/11/2024"
"19485","Charger","10.99","3","03/11/2024"
"19486","Camera","499.99","1","03/11/2024"
"19487","Phone","699.99","1","03/11/2024"
"19488","Camera","499.99","1","03/11/2024"
"19489","Camera","499.99","1","03/11/2024"
"19490","Headphones","39.99","2","04/11/2024"
"19491","Phone","699.99","1","04/11/2024"
"19492","Charger","10.99","1","04/11/2024"
"19493","Headphones","39.99","3","04/11/2024"
"19494","Phone","699.99","2","04/11/2024"
"19495","Laptop","999.99","1","04/11/2024"
"19496","Charger","10.99","5","04/11/2024"
"19497","Headphones","39.99","1","04/11/2024"
"19498","Laptop","999.99","1","04/11/2024"
"19499","Phone","699.99","2","04/11/2024"
"19500","Charger","10.99","2","05/11/2024"
"19501","Charger","10.99","2","05/11/2024"
"19502","Charger","10.99","2","05/11/2024"
"19503","Phone","699.99","2","05/11/2024"
"19504","Smartwatch","289.99","1","05/11/2024"
"19505","Laptop","999.99","1","05/11/2024"
"19506","Phone","699.99","1","05/11/2024"
"19507","Headphones","39.99","1","05/11/2024"
"19508","Laptop","999.99","1","05/11/2024"
"19509","Headphones","39.99","2","05/11/2024"
"19510","Phone","699.99","1","05/11/2024"
"19511","Charger","10.99","5","06/11/2024"
"19512","Smartwatch","289.99","1","06/11/2024"
"19513","Smartwatch","289.99","2","06/11/2024"
"19514","Phone","699.99","1","06/11/2024"
"19515","Headphones","39.99","2","06/11/2024"
"19516","Smartwatch","289.99","1","06/11/2024"
"19517","Laptop","999.99","1","06/11/2024"
"19518","Laptop","999.99","1","06/11/2024"
"19519","Phone","699.99","1","06/11/2024"
"19520","Phone","699.99","1","06/11/2024"
"19521","Phone","699.99","2","06/11/2024"
"19522","Camera","499.99","1","07/11/2024"
"19523","Charger","10.99","3","07/11/2024"
"19524","Charger","10.99","4","07/11/2024"
"19525","Camera","499.99","1","07/11/2024"
"19526","Headphones","39.99","3","07/11/2024"
"19527","Phone","699.99","1","07/11/2024"
"19528","Phone","699.99","2","07/11/2024"
"19529","Laptop","999.99","1","07/11/2024"
"19530","Smartwatch","289.99","2","07/11/2024"
"19531","Phone","699.99","2","07/11/2024"
"19532","Headphones","39.99","2","07/11/2024"
"19533","Headphones","39.99","3","07/11/2024"
"19534","Laptop","999.99","1","07/11/2024"
"19535","Headphones","39.99","3","08/11/2024"
"19536","Camera","499.99","1","08/11/2024"
"19537","Charger","10.99","5","08/11/2024"
"19538","Phone","699.99","1","08/11/2024"
"19539","Laptop","999.99","1","08/11/2024"
"19540","Laptop","999.99","1","08/11/2024"
"19541","Phone","699.99","1","08/11/2024"
"19542","Laptop","999.99","1","08/11/2024"
"19543","Smartwatch","289.99","1","08/11/2024"
"19544","Charger","10.99","3","08/11/2024"
"19545","Laptop","999.99","1","08/11/2024"
"19546","Laptop","999.99","1","08/11/2024"
"19547","Headphones","39.99","3","08/11/2024"
"19548","Smartwatch","289.99","2","08/11/2024"
"19549","Phone","699.99","1","08/11/2024"
"19550","Charger","10.99","1","08/11/2024"
"19551","Phone","699.99","2","08/11/2024"
"19552","Laptop","999.99","1","08/11/2024"
"19553","Charger","10.99","2","08/11/2024"
"19554","Phone","699.99","2","08/11/2024"
"19555","Camera","499.99","1","08/11/2024"
"19556","Charger","10.99","4","09/11/2024"
"19557","Phone","699.99","1","09/11/2024"
"19558","Charger","10.99","5","09/11/2024"
"19559","Phone","699.99","1","09/11/2024"
"19560","Smartwatch","289.99","2","09/11/2024"
"19561","Headphones","39.99","1","09/11/2024"
"19562","Charger","10.99","3","09/11/2024"
"19563","Charger","10.99","5","09/11/2024"
"19564","Charger","10.99","5","09/11/2024"
"19565","Camera","499.99","1","09/11/2024"
"19566","Headphones","39.99","2","09/11/2024"
"19567","Laptop","999.99","1","09/11/2024"
"19568","Phone","699.99","2","10/11/2024"
"19569","Headphones","39.99","2","10/11/2024"
"19570","Camera","499.99","1","10/11/2024"
"19571","Laptop","999.99","1","10/11/2024"
"19572","Laptop","999.99","1","10/11/2024"
"19573","Phone","699.99","2","10/11/2024"
"19574","Headphones","39.99","2","10/11/2024"
"19575","Phone","699.99","2","10/11/2024"
"19576","Laptop","999.99","1","10/11/2024"
"19577","Laptop","999.99","1","10/11/2024"
"19578","Laptop","999.99","1","10/11/2024"
"19579","Laptop","999.99","1","10/11/2024"
"19580","Laptop","999.99","1","10/11/2024"
"19581","Smartwatch","289.99","2","10/11/2024"
"19582","Camera","499.99","1","10/11/2024"
"19583","Headphones","39.99","3","10/11/2024"
"19584","Camera","499.99","1","10/11/2024"
"19585","Phone","699.99","2","10/11/2024"
"19586","Laptop","999.99","1","11/11/2024"
"19587","Camera","499.99","1","11/11/2024"
"19588","Smartwatch","289.99","2","11/11/2024"
"19589","Charger","10.99","4","11/11/2024"
"19590","Charger","10.99","3","11/11/2024"
"19591","Charger","10.99","1","11/11/2024"
"19592","Headphones","39.99","1","11/11/2024"
"19593","Laptop","999.99","1","12/11/2024"
"19594","Laptop","999.99","1","12/11/2024"
"19595","Charger","10.99","4","12/11/2024"
"19596","Smartwatch","289.99","2","12/11/2024"
"19597","Headphones","39.99","1","12/11/2024"
"19598","Phone","699.99","1","12/11/2024"
"19599","Headphones","39.99","1","12/11/2024"
"19600","Camera","499.99","1","12/11/2024"
"19601","Camera","499.99","1","12/11/2024"
"19602","Smartwatch","289.99","2","12/11/2024"
"19603","Smartwatch","289.99","2","12/11/2024"
"19604","Smartwatch","289.99","2","12/11/2024"
"19605","Smartwatch","289.99","2","12/11/2024"
"19606","Charger","10.99","4","12/11/2024"
"19607","Headphones","39.99","3","12/11/2024"
"19608","Camera","499.99","1","12/11/2024"
"19609","Smartwatch","289.99","2","12/11/2024"
"19610","Charger","10.99","3","12/11/2024"
"19611","Phone","699.99","2","13/11/2024"
"19612","Charger","10.99","4","13/11/2024"
"19613","Smartwatch","289.99","1","13/11/2024"
"19614","Phone","699.99","1","13/11/2024"
"19615","Camera","499.99","1","13/11/2024"
"19616","Smartwatch","289.99","1","13/11/2024"
"19617","Headphones","39.99","2","13/11/2024"
"19618","Camera","499.99","1","13/11/2024"
"19619","Charger","10.99","3","13/11/2024"
"19620","Headphones","39.99","2","13/11/2024"
"19621","Camera","499.99","1","13/11/2024"
"19622","Laptop","999.99","1","13/11/2024"
"19623","Headphones","39.99","1","13/11/2024"
"19624","Camera","499.99","1","13/11/2024"
"19625","Smartwatch","289.99","2","13/11/2024"
"19626","Laptop","999.99","1","13/11/2024"
"19627","Charger","10.99","4","13/11/2024"
"19628","Camera","499.99","1","14/11/2024"
"19629","Charger","10.99","2","14/11/2024"
"19630","Laptop","999.99","1","14/11/2024"
"19631","Charger","10.99","2","14/11/2024"
"19632","Smartwatch","289.99","1","14/11/2024"
"19633","Headphones","39.99","1","14/11/2024"
"19634","Charger","10.99","5","14/11/2024"
"19635","Camera","499.99","1","14/11/2024"
"19636","Laptop","999.99","1","14/11/2024"
"19637","Charger","10.99","1","14/11/2024"
"19638","Phone","699.99","2","14/11/2024"
"19639","Smartwatch","289.99","2","14/11/2024"
"19640","Charger","10.99","3","14/11/2024"
"19641","Laptop","999.99","1","15/11/2024"
"19642","Smartwatch","289.99","1","15/11/2024"
"19643","Headphones","39.99","1","15/11/2024"
"19644","Camera","499.99","1","15/11/2024"
"19645","Smartwatch","289.99","1","15/11/2024"
"19646","Headphones","39.99","3","15/11/2024"
"19647","Charger","10.99","1","15/11/2024"
"19648","Camera","499.99","1","15/11/2024"
"19649","Laptop","999.99","1","15/11/2024"
"19650","Phone","699.99","1","15/11/2024"
"19651","Headphones","39.99","2","15/11/2024"
"19652","Phone","699.99","2","15/11/2024"
"19653","Headphones","39.99","1","16/11/2024"
"19654","Camera","499.99","1","16/11/2024"
"19655","Charger","10.99","2","16/11/2024"
"19656","Smartwatch","289.99","2","16/11/2024"
"19657","Laptop","999.99","1","16/11/2024"
"19658","Headphones","39.99","1","16/11/2024"
"19659","Laptop","999.99","1","16/11/2024"
"19660","Charger","10.99","4","16/11/2024"
"19661","Charger","10.99","3","16/11/2024"
"19662","Phone","699.99","2","16/11/2024"
"19663","Smartwatch","289.99","1","16/11/2024"
"19664","Headphones","39.99","3","16/11/2024"
"19665","Laptop","999.99","1","16/11/2024"
"19666","Charger","10.99","3","16/11/2024"
"19667","Smartwatch","289.99","1","17/11/2024"
"19668","Smartwatch","289.99","1","17/11/2024"
"19669","Laptop","999.99","1","17/11/2024"
"19670","Headphones","39.99","1","17/11/2024"
"19671","Headphones","39.99","1","17/11/2024"
"19672","Camera","499.99","1","17/11/2024"
"19673","Charger","10.99","4","17/11/2024"
"19674","Laptop","999.99","1","17/11/2024"
"19675","Phone","699.99","1","17/11/2024"
"19676","Laptop","999.99","1","17/11/2024"
"19677","Headphones","39.99","3","17/11/2024"
"19678","Camera","499.99","1","17/11/2024"
"19679","Camera","499.99","1","17/11/2024"
"19680","Headphones","39.99","3","17/11/2024"
"19681","Camera","499.99","1","17/11/2024"
"19682","Phone","699.99","2","18/11/2024"
"19683","Headphones","39.99","3","18/11/2024"
"19684","Camera","499.99","1","18/11/2024"
"19685","Headphones","39.99","1","18/11/2024"
"19686","Camera","499.99","1","18/11/2024"
"19687","Charger","10.99","4","18/11/2024"
"19688","Smartwatch","289.99","2","18/11/2024"
"19689","Smartwatch","289.99","2","18/11/2024"
"19690","Laptop","999.99","1","19/11/2024"
"19691","Smartwatch","289.99","1","19/11/2024"
"19692","Phone","699.99","1","19/11/2024"
"19693","Headphones","39.99","3","19/11/2024"
"19694","Camera","499.99","1","19/11/2024"
"19695","Laptop","999.99","1","19/11/2024"
"19696","Camera","499.99","1","19/11/2024"
"19697","Phone","699.99","1","19/11/2024"
"19698","Camera","499.99","1","19/11/2024"
"19699","Headphones","39.99","2","19/11/2024"
"19700","Smartwatch","289.99","1","19/11/2024"
"19701","Charger","10.99","4","19/11/2024"
"19702","Headphones","39.99","3","19/11/2024"
"19703","Headphones","39.99","3","20/11/2024"
"19704","Phone","699.99","2","20/11/2024"
"19705","Charger","10.99","5","20/11/2024"
"19706","Laptop","999.99","1","20/11/2024"
"19707","Headphones","39.99","2","20/11/2024"
"19708","Laptop","999.99","1","20/11/2024"
"19709","Charger","10.99","5","20/11/2024"
"19710","Camera","499.99","1","20/11/2024"
"19711","Headphones","39.99","2","21/11/2024"
"19712","Smartwatch","289.99","1","21/11/2024"
"19713","Headphones","39.99","3","21/11/2024"
"19714","Camera","499.99","1","21/11/2024"
"19715","Camera","499.99","1","21/11/2024"
"19716","Camera","499.99","1","21/11/2024"
"19717","Smartwatch","289.99","2","21/11/2024"
"19718","Headphones","39.99","1","21/11/2024"
"19719","Smartwatch","289.99","2","21/11/2024"
"19720","Smartwatch","289.99","2","21/11/2024"
"19721","Headphones","39.99","1","21/11/2024"
"19722","Headphones","39.99","3","22/11/2024"
"19723","Phone","699.99","2","22/11/2024"
"19724","Headphones","39.99","1","22/11/2024"
"19725","Charger","10.99","4","22/11/2024"
"19726","Phone","699.99","2","22/11/2024"
"19727","Headphones","39.99","1","22/11/2024"
"19728","Headphones","39.99","1","22/11/2024"
"19729","Smartwatch","289.99","2","22/11/2024"
"19730","Smartwatch","289.99","1","22/11/2024"
"19731","Charger","10.99","2","22/11/2024"
"19732","Charger","10.99","3","22/11/2024"
"19733","Laptop","999.99","1","22/11/2024"
"19734","Laptop","999.99","1","22/11/2024"
"19735","Laptop","999.99","1","22/11/2024"
"19736","Headphones","39.99","3","22/11/2024"
"19737","Smartwatch","289.99","1","23/11/2024"
"19738","Phone","699.99","2","23/11/2024"
"19739","Charger","10.99","1","23/11/2024"
"19740","Headphones","39.99","3","23/11/2024"
"19741","Camera","499.99","1","23/11/2024"
"19742","Phone","699.99","1","23/11/2024"
"19743","Phone","699.99","2","23/11/2024"
"19744","Headphones","39.99","1","23/11/2024"
"19745","Charger","10.99","5","23/11/2024"
"19746","Charger","10.99","3","23/11/2024"
"19747","Laptop","999.99","1","23/11/2024"
"19748","Laptop","999.99","1","23/11/2024"
"19749","Smartwatch","289.99","2","23/11/2024"
"19750","Laptop","999.99","1","24/11/2024"
"19751","Smartwatch","289.99","1","24/11/2024"
"19752","Phone","699.99","2","24/11/2024"
"19753","Camera","499.99","1","24/11/2024"
"19754","Phone","699.99","2","24/11/2024"
"19755","Charger","10.99","5","24/11/2024"
"19756","Charger","10.99","1","24/11/2024"
"19757","Headphones","39.99","3","24/11/2024"
"19758","Headphones","39.99","2","24/11/2024"
"19759","Smartwatch","289.99","1","25/11/2024"
"19760","Laptop","999.99","1","25/11/2024"
"19761","Headphones","39.99","1","25/11/2024"
"19762","Headphones","39.99","1","25/11/2024"
"19763","Headphones","39.99","2","25/11/2024"
"19764","Phone","699.99","2","25/11/2024"
"19765","Camera","499.99","1","25/11/2024"
"19766","Laptop","999.99","1","25/11/2024"
"19767","Camera","499.99","1","25/11/2024"
"19768","Laptop","999.99","1","25/11/2024"
"19769","Headphones","39.99","3","25/11/2024"
"19770","Smartwatch","289.99","1","25/11/2024"
"19771","Smartwatch","289.99","1","25/11/2024"
"19772","Smartwatch","289.99","1","25/11/2024"
"19773","Laptop","999.99","1","25/11/2024"
"19774","Laptop","999.99","1","25/11/2024"
"19775","Smartwatch","289.99","1","25/11/2024"
"19776","Smartwatch","289.99","2","25/11/2024"
"19777","Camera","499.99","1","25/11/2024"
"19778","Charger","10.99","4","25/11/2024"
"19779","Smartwatch","289.99","1","26/11/2024"
"19780","Phone","699.99","1","26/11/2024"
"19781","Smartwatch","289.99","2","26/11/2024"
"19782","Camera","499.99","1","26/11/2024"
"19783","Phone","699.99","1","26/11/2024"
"19784","Laptop","999.99","1","26/11/2024"
"19785","Camera","499.99","1","26/11/2024"
"19786","Phone","699.99","1","26/11/2024"
"19787","Smartwatch","289.99","1","26/11/2024"
"19788","Headphones","39.99","2","26/11/2024"
"19789","Camera","499.99","1","26/11/2024"
"19790","Headphones","39.99","3","26/11/2024"
"19791","Camera","499.99","1","26/11/2024"
"19792","Smartwatch","289.99","1","26/11/2024"
"19793","Camera","499.99","1","26/11/2024"
"19794","Phone","699.99","2","26/11/2024"
"19795","Phone","699.99","2","27/11/2024"
"19796","Laptop","999.99","1","27/11/2024"
"19797","Camera","499.99","1","27/11/2024"
"19798","Smartwatch","289.99","1","27/11/2024"
"19799","Headphones","39.99","2","27/11/2024"
"19800","Phone","699.99","1","27/11/2024"
"19801","Laptop","999.99","1","27/11/2024"
"19802","Phone","699.99","1","27/11/2024"
"19803","Laptop","999.99","1","28/11/2024"
"19804","Camera","499.99","1","28/11/2024"
"19805","Laptop","999.99","1","28/11/2024"
"19806","Camera","499.99","1","28/11/2024"
"19807","Phone","699.99","1","28/11/2024"
"19808","Headphones","39.99","2","28/11/2024"
"19809","Headphones","39.99","3","28/11/2024"
"19810","Phone","699.99","1","28/11/2024"
"19811","Laptop","999.99","1","28/11/2024"
"19812","Charger","10.99","3","28/11/2024"
"19813","Camera","499.99","1","29/11/2024"
"19814","Laptop","999.99","1","29/11/2024"
"19815","Charger","10.99","4","29/11/2024"
"19816","Smartwatch","289.99","2","29/11/2024"
"19817","Camera","499.99","1","29/11/2024"
"19818","Camera","499.99","1","29/11/2024"
"19819","Headphones","39.99","2","29/11/2024"
"19820","Smartwatch","289.99","2","29/11/2024"
"19821","Headphones","39.99","1","29/11/2024"
"19822","Phone","699.99","1","29/11/2024"
"19823","Camera","499.99","1","29/11/2024"
"19824","Phone","699.99","2","29/11/2024"
"19825","Headphones","39.99","2","29/11/2024"
"19826","Laptop","999.99","1","29/11/2024"
"19827","Phone","699.99","2","30/11/2024"
"19828","Camera","499.99","1","30/11/2024"
"19829","Charger","10.99","5","30/11/2024"
"19830","Phone","699.99","2","30/11/2024"
"19831","Headphones","39.99","2","30/11/2024"
"19832","Charger","10.99","5","30/11/2024"
"19833","Laptop","999.99","1","30/11/2024"
"19834","Phone","699.99","1","30/11/2024"
"19835","Headphones","39.99","2","30/11/2024"
"19836","Headphones","39.99","3","01/12/2024"
"19837","Laptop","999.99","1","01/12/2024"
"19838","Headphones","39.99","1","01/12/2024"
"19839","Headphones","39.99","3","01/12/2024"
"19840","Smartwatch","289.99","2","01/12/2024"
"19841","Headphones","39.99","2","01/12/2024"
"19842","Headphones","39.99","2","01/12/2024"
"19843","Smartwatch","289.99","2","01/12/2024"
"19844","Camera","499.99","1","01/12/2024"
"19845","Headphones","39.99","2","01/12/2024"
"19846","Phone","699.99","1","01/12/2024"
"19847","Phone","699.99","1","01/12/2024"
"19848","Phone","699.99","1","01/12/2024"
"19849","Headphones","39.99","3","02/12/2024"
"19850","Headphones","39.99","2","02/12/2024"
"19851","Smartwatch","289.99","2","02/12/2024"
"19852","Laptop","999.99","1","02/12/2024"
"19853","Laptop","999.99","1","02/12/2024"
"19854","Headphones","39.99","2","02/12/2024"
"19855","Smartwatch","289.99","1","02/12/2024"
"19856","Phone","699.99","1","02/12/2024"
"19857","Camera","499.99","1","02/12/2024"
"19858","Camera","499.99","1","02/12/2024"
"19859","Camera","499.99","1","02/12/2024"
"19860","Phone","699.99","2","02/12/2024"
"19861","Charger","10.99","5","02/12/2024"
"19862","Headphones","39.99","1","02/12/2024"
"19863","Headphones","39.99","3","02/12/2024"
"19864","Headphones","39.99","2","03/12/2024"
"19865","Smartwatch","289.99","2","03/12/2024"
"19866","Headphones","39.99","2","03/12/2024"
"19867","Smartwatch","289.99","1","03/12/2024"
"19868","Camera","499.99","1","03/12/2024"
"19869","Charger","10.99","1","03/12/2024"
"19870","Charger","10.99","4","03/12/2024"
"19871","Headphones","39.99","2","03/12/2024"
"19872","Camera","499.99","1","04/12/2024"
"19873","Charger","10.99","4","04/12/2024"
"19874","Phone","699.99","1","04/12/2024"
"19875","Smartwatch","289.99","1","04/12/2024"
"19876","Laptop","999.99","1","04/12/2024"
"19877","Phone","699.99","2","04/12/2024"
"19878","Smartwatch","289.99","2","04/12/2024"
"19879","Charger","10.99","1","04/12/2024"
"19880","Smartwatch","289.99","1","04/12/2024"
"19881","Headphones","39.99","3","04/12/2024"
"19882","Camera","499.99","1","04/12/2024"
"19883","Charger","10.99","4","05/12/2024"
"19884","Camera","499.99","1","05/12/2024"
"19885","Phone","699.99","1","05/12/2024"
"19886","Laptop","999.99","1","05/12/2024"
"19887","Charger","10.99","1","05/12/2024"
"19888","Camera","499.99","1","05/12/2024"
"19889","Camera","499.99","1","05/12/2024"
"19890","Headphones","39.99","1","05/12/2024"
"19891","Laptop","999.99","1","05/12/2024"
"19892","Laptop","999.99","1","05/12/2024"
"19893","Phone","699.99","1","05/12/2024"
"19894","Camera","499.99","1","05/12/2024"
"19895","Phone","699.99","1","06/12/2024"
"19896","Laptop","999.99","1","06/12/2024"
"19897","Smartwatch","289.99","1","06/12/2024"
"19898","Camera","499.99","1","06/12/2024"
"19899","Phone","699.99","2","06/12/2024"
"19900","Smartwatch","289.99","1","06/12/2024"
"19901","Phone","699.99","2","06/12/2024"
"19902","Laptop","999.99","1","06/12/2024"
"19903","Camera","499.99","1","06/12/2024"
"19904","Phone","699.99","2","06/12/2024"
"19905","Smartwatch","289.99","2","06/12/2024"
"19906","Smartwatch","289.99","1","06/12/2024"
"19907","Camera","499.99","1","06/12/2024"
"19908","Phone","699.99","2","06/12/2024"
"19909","Laptop","999.99","1","07/12/2024"
"19910","Headphones","39.99","2","07/12/2024"
"19911","Phone","699.99","2","07/12/2024"
"19912","Phone","699.99","1","07/12/2024"
"19913","Phone","699.99","2","07/12/2024"
"19914","Smartwatch","289.99","1","07/12/2024"
"19915","Charger","10.99","2","07/12/2024"
"19916","Charger","10.99","3","07/12/2024"
"19917","Smartwatch","289.99","1","07/12/2024"
"19918","Headphones","39.99","2","07/12/2024"
"19919","Headphones","39.99","3","07/12/2024"
"19920","Smartwatch","289.99","2","07/12/2024"
"19921","Phone","699.99","1","07/12/2024"
"19922","Laptop","999.99","1","07/12/2024"
"19923","Smartwatch","289.99","2","07/12/2024"
"19924","Charger","10.99","5","07/12/2024"
"19925","Charger","10.99","2","07/12/2024"
"19926","Phone","699.99","2","08/12/2024"
"19927","Phone","699.99","2","08/12/2024"
"19928","Charger","10.99","4","08/12/2024"
"19929","Camera","499.99","1","08/12/2024"
"19930","Phone","699.99","2","08/12/2024"
"19931","Camera","499.99","1","08/12/2024"
"19932","Charger","10.99","1","08/12/2024"
"19933","Smartwatch","289.99","2","08/12/2024"
"19934","Camera","499.99","1","08/12/2024"
"19935","Headphones","39.99","3","08/12/2024"
"19936","Smartwatch","289.99","1","08/12/2024"
"19937","Camera","499.99","1","08/12/2024"
"19938","Phone","699.99","2","09/12/2024"
"19939","Smartwatch","289.99","2","09/12/2024"
"19940","Phone","699.99","1","09/12/2024"
"19941","Charger","10.99","2","09/12/2024"
"19942","Camera","499.99","1","09/12/2024"
"19943","Charger","10.99","4","09/12/2024"
"19944","Camera","499.99","1","09/12/2024"
"19945","Phone","699.99","1","09/12/2024"
"19946","Headphones","39.99","3","09/12/2024"
"19947","Laptop","999.99","1","09/12/2024"
"19948","Smartwatch","289.99","1","09/12/2024"
"19949","Laptop","999.99","1","09/12/2024"
"19950","Camera","499.99","1","09/12/2024"
"19951","Camera","499.99","1","09/12/2024"
"19952","Camera","499.99","1","10/12/2024"
"19953","Laptop","999.99","1","10/12/2024"
"19954","Phone","699.99","2","10/12/2024"
"19955","Camera","499.99","1","10/12/2024"
"19956","Phone","699.99","1","10/12/2024"
"19957","Headphones","39.99","2","10/12/2024"
"19958","Smartwatch","289.99","1","10/12/2024"
"19959","Phone","699.99","1","10/12/2024"
"19960","Smartwatch","289.99","2","10/12/2024"
"19961","Camera","499.99","1","10/12/2024"
"19962","Laptop","999.99","1","10/12/2024"
"19963","Phone","699.99","1","11/12/2024"
"19964","Charger","10.99","4","11/12/2024"
"19965","Charger","10.99","5","11/12/2024"
"19966","Smartwatch","289.99","2","11/12/2024"
"19967","Headphones","39.99","1","11/12/2024"
"19968","Camera","499.99","1","11/12/2024"
"19969","Laptop","999.99","1","11/12/2024"
"19970","Smartwatch","289.99","2","11/12/2024"
"19971","Smartwatch","289.99","2","11/12/2024"
"19972","Smartwatch","289.99","1","11/12/2024"
"19973","Charger","10.99","5","12/12/2024"
"19974","Smartwatch","289.99","2","12/12/2024"
"19975","Laptop","999.99","1","12/12/2024"
"19976","Phone","699.99","2","12/12/2024"
"19977","Phone","699.99","1","12/12/2024"
"19978","Camera","499.99","1","12/12/2024"
"19979","Smartwatch","289.99","1","12/12/2024"
"19980","Charger","10.99","4","12/12/2024"
"19981","Smartwatch","289.99","2","12/12/2024"
"19982","Laptop","999.99","1","12/12/2024"
"19983","Camera","499.99","1","12/12/2024"
"19984","Charger","10.99","2","12/12/2024"
"19985","Camera","499.99","1","12/12/2024"
"19986","Headphones","39.99","3","12/12/2024"
"19987","Phone","699.99","1","12/12/2024"
"19988","Charger","10.99","1","12/12/2024"
"19989","Laptop","999.99","1","13/12/2024"
"19990","Headphones","39.99","3","13/12/2024"
"19991","Phone","699.99","2","13/12/2024"
"19992","Phone","699.99","2","13/12/2024"
"19993","Charger","10.99","2","13/12/2024"
"19994","Laptop","999.99","1","13/12/2024"
"19995","Charger","10.99","5","13/12/2024"
"19996","Smartwatch","289.99","1","13/12/2024"
"19997","Smartwatch","289.99","2","13/12/2024"
"19998","Laptop","999.99","1","13/12/2024"
"19999","Headphones","39.99","2","14/12/2024"
"20000","Laptop","999.99","1","14/12/2024"
"20001","Headphones","39.99","2","14/12/2024"
"20002","Headphones","39.99","2","14/12/2024"
"20003","Camera","499.99","1","14/12/2024"
"20004","Phone","699.99","2","14/12/2024"
"20005","Charger","10.99","1","14/12/2024"
"20006","Headphones","39.99","2","14/12/2024"
"20007","Laptop","999.99","1","14/12/2024"
"20008","Headphones","39.99","2","14/12/2024"
"20009","Camera","499.99","1","14/12/2024"
"20010","Charger","10.99","5","14/12/2024"
"20011","Camera","499.99","1","14/12/2024"
"20012","Charger","10.99","5","14/12/2024"
"20013","Smartwatch","289.99","2","14/12/2024"
"20014","Smartwatch","289.99","2","15/12/2024"
"20015","Charger","10.99","4","15/12/2024"
"20016","Smartwatch","289.99","1","15/12/2024"
"20017","Smartwatch","289.99","1","15/12/2024"
"20018","Laptop","999.99","1","15/12/2024"
"20019","Phone","699.99","1","15/12/2024"
"20020","Phone","699.99","2","15/12/2024"
"20021","Charger","10.99","2","15/12/2024"
"20022","Phone","699.99","2","15/12/2024"
"20023","Laptop","999.99","1","15/12/2024"
"20024","Phone","699.99","1","15/12/2024"
"20025","Camera","499.99","1","16/12/2024"
"20026","Laptop","999.99","1","16/12/2024"
"20027","Camera","499.99","1","16/12/2024"
"20028","Phone","699.99","1","16/12/2024"
"20029","Phone","699.99","2","16/12/2024"
"20030","Camera","499.99","1","16/12/2024"
"20031","Laptop","999.99","1","16/12/2024"
"20032","Laptop","999.99","1","16/12/2024"
"20033","Smartwatch","289.99","2","16/12/2024"
"20034","Charger","10.99","3","16/12/2024"
"20035","Phone","699.99","2","16/12/2024"
"20036","Smartwatch","289.99","1","17/12/2024"
"20037","Camera","499.99","1","17/12/2024"
"20038","Smartwatch","289.99","2","17/12/2024"
"20039","Phone","699.99","1","17/12/2024"
"20040","Laptop","999.99","1","17/12/2024"
"20041","Charger","10.99","1","17/12/2024"
"20042","Smartwatch","289.99","2","17/12/2024"
"20043","Laptop","999.99","1","17/12/2024"
"20044","Phone","699.99","1","17/12/2024"
"20045","Laptop","999.99","1","17/12/2024"
"20046","Laptop","999.99","1","17/12/2024"
"20047","Headphones","39.99","2","17/12/2024"
"20048","Camera","499.99","1","17/12/2024"
"20049","Headphones","39.99","2","18/12/2024"
"20050","Laptop","999.99","1","18/12/2024"
"20051","Phone","699.99","2","18/12/2024"
"20052","Headphones","39.99","1","18/12/2024"
"20053","Camera","499.99","1","18/12/2024"
"20054","Headphones","39.99","1","18/12/2024"
"20055","Smartwatch","289.99","2","18/12/2024"
"20056","Smartwatch","289.99","2","18/12/2024"
"20057","Laptop","999.99","1","18/12/2024"
"20058","Phone","699.99","2","18/12/2024"
"20059","Charger","10.99","5","18/12/2024"
"20060","Camera","499.99","1","19/12/2024"
"20061","Smartwatch","289.99","2","19/12/2024"
"20062","Camera","499.99","1","19/12/2024"
"20063","Headphones","39.99","3","19/12/2024"
"20064","Charger","10.99","5","19/12/2024"
"20065","Camera","499.99","1","19/12/2024"
"20066","Phone","699.99","1","19/12/2024"
"20067","Headphones","39.99","3","19/12/2024"
"20068","Phone","699.99","1","19/12/2024"
"20069","Charger","10.99","3","19/12/2024"
"20070","Laptop","999.99","1","19/12/2024"
"20071","Phone","699.99","2","19/12/2024"
"20072","Smartwatch","289.99","1","20/12/2024"
"20073","Charger","10.99","3","20/12/2024"
"20074","Laptop","999.99","1","20/12/2024"
"20075","Laptop","999.99","1","20/12/2024"
"20076","Headphones","39.99","1","20/12/2024"
"20077","Phone","699.99","1","20/12/2024"
"20078","Camera","499.99","1","20/12/2024"
"20079","Phone","699.99","1","20/12/2024"
"20080","Phone","699.99","2","20/12/2024"
"20081","Smartwatch","289.99","1","20/12/2024"
"20082","Phone","699.99","2","20/12/2024"
"20083","Laptop","999.99","1","21/12/2024"
"20084","Charger","10.99","2","21/12/2024"
"20085","Headphones","39.99","3","21/12/2024"
"20086","Laptop","999.99","1","21/12/2024"
"20087","Phone","699.99","2","21/12/2024"
"20088","Charger","10.99","1","21/12/2024"
"20089","Camera","499.99","1","21/12/2024"
"20090","Phone","699.99","2","21/12/2024"
"20091","Laptop","999.99","1","21/12/2024"
"20092","Laptop","999.99","1","21/12/2024"
"20093","Headphones","39.99","1","21/12/2024"
"20094","Laptop","999.99","1","21/12/2024"
"20095","Phone","699.99","1","21/12/2024"
"20096","Camera","499.99","1","22/12/2024"
"20097","Charger","10.99","2","22/12/2024"
"20098","Headphones","39.99","2","22/12/2024"
"20099","Headphones","39.99","3","22/12/2024"
"20100","Charger","10.99","4","22/12/2024"
"20101","Phone","699.99","1","22/12/2024"
"20102","Camera","499.99","1","22/12/2024"
"20103","Charger","10.99","5","22/12/2024"
"20104","Phone","699.99","1","22/12/2024"
"20105","Charger","10.99","1","22/12/2024"
"20106","Phone","699.99","2","22/12/2024"
"20107","Laptop","999.99","1","22/12/2024"
"20108","Phone","699.99","1","22/12/2024"
"20109","Phone","699.99","1","22/12/2024"
"20110","Headphones","39.99","1","22/12/2024"
"20111","Headphones","39.99","2","22/12/2024"
"20112","Camera","499.99","1","22/12/2024"
"20113","Smartwatch","289.99","1","22/12/2024"
"20114","Phone","699.99","2","23/12/2024"
"20115","Laptop","999.99","1","23/12/2024"
"20116","Headphones","39.99","2","23/12/2024"
"20117","Smartwatch","289.99","1","23/12/2024"
"20118","Smartwatch","289.99","1","23/12/2024"
"20119","Charger","10.99","3","23/12/2024"
"20120","Laptop","999.99","1","23/12/2024"
"20121","Headphones","39.99","3","23/12/2024"
"20122","Camera","499.99","1","23/12/2024"
"20123","Phone","699.99","1","23/12/2024"
"20124","Smartwatch","289.99","1","24/12/2024"
"20125","Smartwatch","289.99","2","24/12/2024"
"20126","Charger","10.99","3","24/12/2024"
"20127","Headphones","39.99","1","24/12/2024"
"20128","Phone","699.99","2","24/12/2024"
"20129","Headphones","39.99","3","24/12/2024"
"20130","Smartwatch","289.99","1","24/12/2024"
"20131","Smartwatch","289.99","1","24/12/2024"
"20132","Camera","499.99","1","25/12/2024"
"20133","Laptop","999.99","1","25/12/2024"
"20134","Smartwatch","289.99","1","25/12/2024"
"20135","Charger","10.99","4","25/12/2024"
"20136","Smartwatch","289.99","1","25/12/2024"
"20137","Charger","10.99","2","25/12/2024"
"20138","Phone","699.99","2","25/12/2024"
"20139","Phone","699.99","1","25/12/2024"
"20140","Phone","699.99","2","25/12/2024"
"20141","Phone","699.99","2","25/12/2024"
"20142","Charger","10.99","5","25/12/2024"
"20143","Charger","10.99","4","25/12/2024"
"20144","Smartwatch","289.99","1","25/12/2024"
"20145","Laptop","999.99","1","26/12/2024"
"20146","Charger","10.99","2","26/12/2024"
"20147","Charger","10.99","3","26/12/2024"
"20148","Camera","499.99","1","26/12/2024"
"20149","Smartwatch","289.99","2","26/12/2024"
"20150","Charger","10.99","2","26/12/2024"
"20151","Phone","699.99","1","26/12/2024"
"20152","Smartwatch","289.99","2","26/12/2024"
"20153","Smartwatch","289.99","1","26/12/2024"
"20154","Laptop","999.99","1","26/12/2024"
"20155","Camera","499.99","1","26/12/2024"
"20156","Laptop","999.99","1","26/12/2024"
"20157","Phone","699.99","2","26/12/2024"
"20158","Camera","499.99","1","27/12/2024"
"20159","Headphones","39.99","2","27/12/2024"
"20160","Smartwatch","289.99","1","27/12/2024"
"20161","Laptop","999.99","1","27/12/2024"
"20162","Charger","10.99","4","27/12/2024"
"20163","Charger","10.99","3","27/12/2024"
"20164","Headphones","39.99","3","27/12/2024"
"20165","Charger","10.99","1","27/12/2024"
"20166","Charger","10.99","5","27/12/2024"
"20167","Headphones","39.99","3","27/12/2024"
"20168","Laptop","999.99","1","27/12/2024"
"20169","Laptop","999.99","1","27/12/2024"
"20170","Laptop","999.99","1","27/12/2024"
"20171","Headphones","39.99","1","27/12/2024"
"20172","Charger","10.99","2","27/12/2024"
"20173","Camera","499.99","1","27/12/2024"
"20174","Phone","699.99","2","27/12/2024"
"20175","Phone","699.99","2","28/12/2024"
"20176","Headphones","39.99","2","28/12/2024"
"20177","Camera","499.99","1","28/12/2024"
"20178","Laptop","999.99","1","28/12/2024"
"20179","Smartwatch","289.99","1","28/12/2024"
"20180","Phone","699.99","1","28/12/2024"
"20181","Charger","10.99","5","28/12/2024"
"20182","Laptop","999.99","1","28/12/2024"
"20183","Smartwatch","289.99","1","28/12/2024"
"20184","Camera","499.99","1","28/12/2024"
"20185","Camera","499.99","1","28/12/2024"
"20186","Camera","499.99","1","28/12/2024"
"20187","Smartwatch","289.99","2","29/12/2024"
"20188","Charger","10.99","5","29/12/2024"
"20189","Headphones","39.99","1","29/12/2024"
"20190","Camera","499.99","1","29/12/2024"
"20191","Smartwatch","289.99","1","29/12/2024"
"20192","Charger","10.99","5","29/12/2024"
"20193","Charger","10.99","4","29/12/2024"
"20194","Charger","10.99","3","30/12/2024"
"20195","Phone","699.99","2","30/12/2024"
"20196","Phone","699.99","2","30/12/2024"
"20197","Headphones","39.99","3","30/12/2024"
"20198","Phone","699.99","1","30/12/2024"
"20199","Camera","499.99","1","30/12/2024"
"20200","Charger","10.99","1","30/12/2024"
"20201","Laptop","999.99","1","30/12/2024"
"20202","Headphones","39.99","2","30/12/2024"
"20203","Charger","10.99","1","30/12/2024"
"20204","Smartwatch","289.99","2","30/12/2024"
"20205","Headphones","39.99","2","30/12/2024"
"20206","Smartwatch","289.99","2","30/12/2024"
"20207","Headphones","39.99","1","30/12/2024"
"20208","Laptop","999.99","1","30/12/2024"
"20209","Laptop","999.99","1","30/12/2024"
"20210","Charger","10.99","4","31/12/2024"
"20211","Camera","499.99","1","31/12/2024"
"20212","Phone","699.99","1","31/12/2024"
"20213","Headphones","39.99","1","31/12/2024"
"20214","Phone","699.99","1","31/12/2024"
"20215","Charger","10.99","3","31/12/2024"
"20216","Smartwatch","289.99","1","31/12/2024"
"20217","Smartwatch","289.99","2","31/12/2024"
"20218","Smartwatch","289.99","1","31/12/2024"
"20219","Charger","10.99","3","31/12/2024"
"20220","Smartwatch","289.99","1","31/12/2024"
"20221","Phone","699.99","2","31/12/2024"
"20222","Charger","10.99","4","31/12/2024"
"20223","Laptop","999.99","1","31/12/2024"
"20224","Camera","499.99","1","31/12/2024"
